{
  "subjects": [
    {
      "title": "Cloud Native Java Developer",
      "lessons": [        
        {
          "title": "PCF Overview",
          "topic": "PCF",
          "materials": [
            {
              "title": "demo",
              "location": "pcf-overview/demo.html"
            }
          ]
        },
        {
          "title": "Going Cloud Native",
          "topic": "Cloud Native",
          "materials": [
            {
              "title": "slides",
              "type":"google-presentation",
              "location": "e/2PACX-1vSHSs0fexTq1AcFFUnm2xqCmNsRgiUtZxABaXO3R1W334CUtZmZROicxuRWgDiumrHdz0-gpM9JyS_d"
            },
            {
              "title": "demo",
              "location": "going-cloud-native/demo.html"
            }
          ]
        },
        {
          "title": "Manifests",
          "topic": "PCF",
          "materials": [
            {
              "title": "demo",
              "location": "manifests/demo.html"
            }
          ]
        },
        {
          "title": "Spring Boot Actuator",
          "topic": "Cloud Native",
          "materials": [
            {
              "title": "demo",
              "location": "spring-boot-actuator/demo.html"
            }
          ]
        },
        {
          "title": "Service Discovery",
          "topic": "Cloud Native",
          "materials": [
            {
              "title": "demo",
              "location": "service-discovery/demo.html"
            }
          ]
        },
        {
          "title": "Configuration Server",
          "topic": "Cloud Native",
          "materials": [
            {
              "title": "demo",
              "location": "configuration-server/demo.html"
            }
          ]
        },        
        {
          "title": "Blue Green Deployments",
          "topic": "PCF",
          "materials": [
            {
              "title": "demo",
              "location": "blue-green-deploy/demo.html"
            }
          ]
        }
      ]
    }      
  ],
  "codebases": {
    "autozone-cnd-workshop": "https://github.com/daniel-fleming/az-cnd-workshop-content.git"
  }
}